job_id,grid_id,scenario_id,profile_name,length_name,target_Np,target_SR,target_MM,decay_constant,max_mates_cap,np_weight,sr_weight,mm_weight,n_iter,burn_in,thin,trace_thin,n_chains,seed_set
1,1,1,Equal_Linear,1M_Iter,100,1,1,-0.05,10,50,50,50,1000000,100000,100,10,4,100
2,1,1,Equal_Linear,1M_Iter,100,1,1,-0.05,10,50,50,50,1000000,100000,100,10,4,200
3,1,1,Equal_Linear,1M_Iter,100,1,1,-0.05,10,50,50,50,1000000,100000,100,10,4,300
4,2,2,Equal_Linear,1M_Iter,100,1,2,-0.05,10,50,50,50,1000000,100000,100,10,4,100
5,2,2,Equal_Linear,1M_Iter,100,1,2,-0.05,10,50,50,50,1000000,100000,100,10,4,200
6,2,2,Equal_Linear,1M_Iter,100,1,2,-0.05,10,50,50,50,1000000,100000,100,10,4,300
7,3,3,Equal_Linear,1M_Iter,100,1,4,-0.05,10,50,50,50,1000000,100000,100,10,4,100
8,3,3,Equal_Linear,1M_Iter,100,1,4,-0.05,10,50,50,50,1000000,100000,100,10,4,200
9,3,3,Equal_Linear,1M_Iter,100,1,4,-0.05,10,50,50,50,1000000,100000,100,10,4,300
10,4,4,Equal_Linear,1M_Iter,100,2,2,-0.05,10,50,50,50,1000000,100000,100,10,4,100
11,4,4,Equal_Linear,1M_Iter,100,2,2,-0.05,10,50,50,50,1000000,100000,100,10,4,200
12,4,4,Equal_Linear,1M_Iter,100,2,2,-0.05,10,50,50,50,1000000,100000,100,10,4,300
13,5,5,Equal_Linear,1M_Iter,100,2,4,-0.05,10,50,50,50,1000000,100000,100,10,4,100
14,5,5,Equal_Linear,1M_Iter,100,2,4,-0.05,10,50,50,50,1000000,100000,100,10,4,200
15,5,5,Equal_Linear,1M_Iter,100,2,4,-0.05,10,50,50,50,1000000,100000,100,10,4,300
16,6,6,Equal_Linear,1M_Iter,100,4,4,-0.05,10,50,50,50,1000000,100000,100,10,4,100
17,6,6,Equal_Linear,1M_Iter,100,4,4,-0.05,10,50,50,50,1000000,100000,100,10,4,200
18,6,6,Equal_Linear,1M_Iter,100,4,4,-0.05,10,50,50,50,1000000,100000,100,10,4,300
19,7,7,Equal_Linear,1M_Iter,200,1,1,-0.05,10,100,100,100,1000000,100000,100,10,4,100
20,7,7,Equal_Linear,1M_Iter,200,1,1,-0.05,10,100,100,100,1000000,100000,100,10,4,200
21,7,7,Equal_Linear,1M_Iter,200,1,1,-0.05,10,100,100,100,1000000,100000,100,10,4,300
22,8,8,Equal_Linear,1M_Iter,200,1,2,-0.05,10,100,100,100,1000000,100000,100,10,4,100
23,8,8,Equal_Linear,1M_Iter,200,1,2,-0.05,10,100,100,100,1000000,100000,100,10,4,200
24,8,8,Equal_Linear,1M_Iter,200,1,2,-0.05,10,100,100,100,1000000,100000,100,10,4,300
25,9,9,Equal_Linear,1M_Iter,200,1,4,-0.05,10,100,100,100,1000000,100000,100,10,4,100
26,9,9,Equal_Linear,1M_Iter,200,1,4,-0.05,10,100,100,100,1000000,100000,100,10,4,200
27,9,9,Equal_Linear,1M_Iter,200,1,4,-0.05,10,100,100,100,1000000,100000,100,10,4,300
28,10,10,Equal_Linear,1M_Iter,200,2,2,-0.05,10,100,100,100,1000000,100000,100,10,4,100
29,10,10,Equal_Linear,1M_Iter,200,2,2,-0.05,10,100,100,100,1000000,100000,100,10,4,200
30,10,10,Equal_Linear,1M_Iter,200,2,2,-0.05,10,100,100,100,1000000,100000,100,10,4,300
31,11,11,Equal_Linear,1M_Iter,200,2,4,-0.05,10,100,100,100,1000000,100000,100,10,4,100
32,11,11,Equal_Linear,1M_Iter,200,2,4,-0.05,10,100,100,100,1000000,100000,100,10,4,200
33,11,11,Equal_Linear,1M_Iter,200,2,4,-0.05,10,100,100,100,1000000,100000,100,10,4,300
34,12,12,Equal_Linear,1M_Iter,200,4,4,-0.05,10,100,100,100,1000000,100000,100,10,4,100
35,12,12,Equal_Linear,1M_Iter,200,4,4,-0.05,10,100,100,100,1000000,100000,100,10,4,200
36,12,12,Equal_Linear,1M_Iter,200,4,4,-0.05,10,100,100,100,1000000,100000,100,10,4,300
37,13,13,Equal_Linear,1M_Iter,400,1,1,-0.05,10,200,200,200,1000000,100000,100,10,4,100
38,13,13,Equal_Linear,1M_Iter,400,1,1,-0.05,10,200,200,200,1000000,100000,100,10,4,200
39,13,13,Equal_Linear,1M_Iter,400,1,1,-0.05,10,200,200,200,1000000,100000,100,10,4,300
40,14,14,Equal_Linear,1M_Iter,400,1,2,-0.05,10,200,200,200,1000000,100000,100,10,4,100
41,14,14,Equal_Linear,1M_Iter,400,1,2,-0.05,10,200,200,200,1000000,100000,100,10,4,200
42,14,14,Equal_Linear,1M_Iter,400,1,2,-0.05,10,200,200,200,1000000,100000,100,10,4,300
43,15,15,Equal_Linear,1M_Iter,400,1,4,-0.05,10,200,200,200,1000000,100000,100,10,4,100
44,15,15,Equal_Linear,1M_Iter,400,1,4,-0.05,10,200,200,200,1000000,100000,100,10,4,200
45,15,15,Equal_Linear,1M_Iter,400,1,4,-0.05,10,200,200,200,1000000,100000,100,10,4,300
46,16,16,Equal_Linear,1M_Iter,400,2,2,-0.05,10,200,200,200,1000000,100000,100,10,4,100
47,16,16,Equal_Linear,1M_Iter,400,2,2,-0.05,10,200,200,200,1000000,100000,100,10,4,200
48,16,16,Equal_Linear,1M_Iter,400,2,2,-0.05,10,200,200,200,1000000,100000,100,10,4,300
49,17,17,Equal_Linear,1M_Iter,400,2,4,-0.05,10,200,200,200,1000000,100000,100,10,4,100
50,17,17,Equal_Linear,1M_Iter,400,2,4,-0.05,10,200,200,200,1000000,100000,100,10,4,200
51,17,17,Equal_Linear,1M_Iter,400,2,4,-0.05,10,200,200,200,1000000,100000,100,10,4,300
52,18,18,Equal_Linear,1M_Iter,400,4,4,-0.05,10,200,200,200,1000000,100000,100,10,4,100
53,18,18,Equal_Linear,1M_Iter,400,4,4,-0.05,10,200,200,200,1000000,100000,100,10,4,200
54,18,18,Equal_Linear,1M_Iter,400,4,4,-0.05,10,200,200,200,1000000,100000,100,10,4,300
55,19,19,Equal_Linear,1M_Iter,800,1,1,-0.05,10,400,400,400,1000000,100000,100,10,4,100
56,19,19,Equal_Linear,1M_Iter,800,1,1,-0.05,10,400,400,400,1000000,100000,100,10,4,200
57,19,19,Equal_Linear,1M_Iter,800,1,1,-0.05,10,400,400,400,1000000,100000,100,10,4,300
58,20,20,Equal_Linear,1M_Iter,800,1,2,-0.05,10,400,400,400,1000000,100000,100,10,4,100
59,20,20,Equal_Linear,1M_Iter,800,1,2,-0.05,10,400,400,400,1000000,100000,100,10,4,200
60,20,20,Equal_Linear,1M_Iter,800,1,2,-0.05,10,400,400,400,1000000,100000,100,10,4,300
61,21,21,Equal_Linear,1M_Iter,800,1,4,-0.05,10,400,400,400,1000000,100000,100,10,4,100
62,21,21,Equal_Linear,1M_Iter,800,1,4,-0.05,10,400,400,400,1000000,100000,100,10,4,200
63,21,21,Equal_Linear,1M_Iter,800,1,4,-0.05,10,400,400,400,1000000,100000,100,10,4,300
64,22,22,Equal_Linear,1M_Iter,800,2,2,-0.05,10,400,400,400,1000000,100000,100,10,4,100
65,22,22,Equal_Linear,1M_Iter,800,2,2,-0.05,10,400,400,400,1000000,100000,100,10,4,200
66,22,22,Equal_Linear,1M_Iter,800,2,2,-0.05,10,400,400,400,1000000,100000,100,10,4,300
67,23,23,Equal_Linear,1M_Iter,800,2,4,-0.05,10,400,400,400,1000000,100000,100,10,4,100
68,23,23,Equal_Linear,1M_Iter,800,2,4,-0.05,10,400,400,400,1000000,100000,100,10,4,200
69,23,23,Equal_Linear,1M_Iter,800,2,4,-0.05,10,400,400,400,1000000,100000,100,10,4,300
70,24,24,Equal_Linear,1M_Iter,800,4,4,-0.05,10,400,400,400,1000000,100000,100,10,4,100
71,24,24,Equal_Linear,1M_Iter,800,4,4,-0.05,10,400,400,400,1000000,100000,100,10,4,200
72,24,24,Equal_Linear,1M_Iter,800,4,4,-0.05,10,400,400,400,1000000,100000,100,10,4,300
73,25,25,Equal_Linear,1M_Iter,1600,1,1,-0.05,10,800,800,800,1000000,100000,100,10,4,100
74,25,25,Equal_Linear,1M_Iter,1600,1,1,-0.05,10,800,800,800,1000000,100000,100,10,4,200
75,25,25,Equal_Linear,1M_Iter,1600,1,1,-0.05,10,800,800,800,1000000,100000,100,10,4,300
76,26,26,Equal_Linear,1M_Iter,1600,1,2,-0.05,10,800,800,800,1000000,100000,100,10,4,100
77,26,26,Equal_Linear,1M_Iter,1600,1,2,-0.05,10,800,800,800,1000000,100000,100,10,4,200
78,26,26,Equal_Linear,1M_Iter,1600,1,2,-0.05,10,800,800,800,1000000,100000,100,10,4,300
79,27,27,Equal_Linear,1M_Iter,1600,1,4,-0.05,10,800,800,800,1000000,100000,100,10,4,100
80,27,27,Equal_Linear,1M_Iter,1600,1,4,-0.05,10,800,800,800,1000000,100000,100,10,4,200
81,27,27,Equal_Linear,1M_Iter,1600,1,4,-0.05,10,800,800,800,1000000,100000,100,10,4,300
82,28,28,Equal_Linear,1M_Iter,1600,2,2,-0.05,10,800,800,800,1000000,100000,100,10,4,100
83,28,28,Equal_Linear,1M_Iter,1600,2,2,-0.05,10,800,800,800,1000000,100000,100,10,4,200
84,28,28,Equal_Linear,1M_Iter,1600,2,2,-0.05,10,800,800,800,1000000,100000,100,10,4,300
85,29,29,Equal_Linear,1M_Iter,1600,2,4,-0.05,10,800,800,800,1000000,100000,100,10,4,100
86,29,29,Equal_Linear,1M_Iter,1600,2,4,-0.05,10,800,800,800,1000000,100000,100,10,4,200
87,29,29,Equal_Linear,1M_Iter,1600,2,4,-0.05,10,800,800,800,1000000,100000,100,10,4,300
88,30,30,Equal_Linear,1M_Iter,1600,4,4,-0.05,10,800,800,800,1000000,100000,100,10,4,100
89,30,30,Equal_Linear,1M_Iter,1600,4,4,-0.05,10,800,800,800,1000000,100000,100,10,4,200
90,30,30,Equal_Linear,1M_Iter,1600,4,4,-0.05,10,800,800,800,1000000,100000,100,10,4,300
