scenario_id,profile_name,target_Np,target_SR,target_MM,obs_Np,obs_SR,obs_MM,error_Np_pct,error_SR_pct,error_MM_pct,chains_used,rhat_Np,ess_Np,rhat_SR,ess_SR,rhat_MM,ess_MM,obs_Np_env,obs_SR_env,obs_MM_env,error_Np_pct_env,error_SR_pct_env,error_MM_pct_env,rhat_Np_env,ess_Np_env,rhat_SR_env,ess_SR_env,rhat_MM_env,ess_MM_env,n_seed_sets
1,Equal_Linear,100,1,1,100.55848333333333,1.0003305706876118,1.0905056700087137,0.5584833333333279,0.03305706876117753,9.050567000871368,12,1.000872724605649,11272.739318633508,1.0005644802302167,21484.30796619431,1.039509041158095,287.2880560587415,100.56591666666667,1.0003738722381565,1.117051728685746,0.5659166666666664,0.037387223815654735,11.705172868574598,1.003673255105397,10160.195631290244,1.000814982962584,20850.332860643743,1.0413876233935109,189.7311053436543,3
2,Equal_Linear,100,1,2,101.563525,1.0001682586398888,2.0225047327268015,1.5635249999999985,0.01682586398887853,1.1252366363400768,12,1.0002352352988524,24254.00817787731,1.0001987837433488,46770.384516713726,1.0008273849891964,6874.4028554155675,101.61701388888889,1.000447185718933,2.023065718459468,1.6170138888888914,0.04471857189329853,1.1532859229733905,1.0004576972646022,23637.792496802314,1.0002900552264355,44970.46551001452,1.0026255993247497,6018.029607436962,3
3,Equal_Linear,100,1,4,102.28223888888888,1.0001930147216451,3.9880548225649197,2.282238888888884,0.01930147216451239,0.29862943587700697,12,1.0003968571332948,21433.842198663282,1.000206386277711,38837.837108189924,1.0018886704003542,10858.43857877255,102.45470555555556,1.0003752127293428,3.9831293118823883,2.454705555555563,0.0375212729342822,0.421767202940293,1.0007061508832549,19114.34775147986,1.0004271779105147,36274.13677642412,1.0030120262647946,10368.010115524547,3
4,Equal_Linear,100,2,2,101.31386666666666,1.9822818596488934,2.031160845432302,1.3138666666666552,0.8859070175553319,1.55804227161509,12,1.0006253303256296,26892.93129870753,1.0003698283615308,24481.21792001705,1.0007729881434249,5154.5604977329085,101.32616944444445,1.9813854006291485,2.0318980869709935,1.3261694444444458,0.9307299685425763,1.594904348549675,1.0007689239394213,25251.362939959163,1.000655783409908,22660.14719919073,1.0023312541226868,4858.929378230403,3
5,Equal_Linear,100,2,4,102.08730833333334,1.9861565460727226,4.002203279412363,2.0873083333333398,0.6921726963638686,0.05508198530908004,12,1.0130626498847635,25814.709771554364,1.0063481017420353,24580.51570698497,1.067637234869902,10558.880693942345,102.12824444444445,1.9852932330068778,3.985163907560944,2.128244444444448,0.7353383496561117,0.37090231097639537,1.0152796367376395,23967.085377357736,1.0069708700192523,24450.776925513215,1.0719467378638055,9808.49768445372,3
6,Equal_Linear,100,4,4,101.09209722222222,3.955802888391485,3.9892198455552914,1.0920972222222218,1.104927790212873,0.26950386111771474,12,1.0008167907824184,27310.25767924675,1.0024826382899685,9764.494668970086,1.0043280144377575,6019.3555293575255,101.14679166666667,3.951846726921154,3.98302091372297,1.1467916666666724,1.2038318269711468,0.42447715692575105,1.0015237020554326,26196.86619792983,1.0048925702912663,8908.445729424468,1.0136961734435903,5941.673959536212,3
7,Equal_Linear,200,1,1,200.30995555555558,1.0000468919573073,1.036417356484237,0.15497777777778765,0.004689195730733786,3.641735648423694,12,1.0011237318787114,10616.172284862889,1.0002670903149486,19574.465387795397,1.0226824136357249,336.2105073791298,200.33279166666668,1.0000521937531628,1.0432442906525592,0.16639583333333974,0.005219375316278807,4.324429065255919,1.0023893051937576,10404.100995546554,1.0010973275032196,19528.856081657395,1.035926505117244,318.452754864356,3
8,Equal_Linear,200,1,2,201.16355,1.000168509106567,2.0202347842013624,0.5817749999999933,0.016850910656707185,1.0117392100681188,12,1.0107382460787269,34014.56839255373,1.0000905188062166,50200.339214180196,1.0816709461064347,4561.507743926565,201.25518888888888,1.0001768806720652,2.0266748105713868,0.6275944444444406,0.017688067206522717,1.3337405285693382,1.0146778832255594,33626.689470961835,1.0001285317424644,47118.09906341642,1.195822706168352,3918.0996906806968,3
9,Equal_Linear,200,1,4,201.34553333333332,1.000068452466084,4.002457245509374,0.6727666666666607,0.006845246608389033,0.06143113773435793,12,1.0001474903583474,40799.24144116818,1.0001080563580886,48122.93319144293,1.0017913292406453,12085.645413090107,201.35083333333333,1.000162263061884,3.9972599706306955,0.6754166666666634,0.016226306188404926,0.06850073423261271,1.0003351413113402,40316.72331595256,1.0001772113013732,47404.785568756146,1.0030513476883423,11654.623461364388,3
10,Equal_Linear,200,2,2,200.6852,1.9915984970497613,2.0151717785221037,0.34260000000000446,0.42007514751193353,0.7585889261051859,12,1.0000830805992262,44582.02638487298,1.001310818900743,27033.36136168868,1.001501850592256,5834.048678512992,200.71527500000002,1.9915445666724454,2.016998925779639,0.3576375000000098,0.42277166637773034,0.8499462889819398,1.0004424342656977,44044.32899530512,1.0013375750580222,26740.99855765715,1.0110461583035049,4662.7438214066815,3
11,Equal_Linear,200,2,4,201.188375,1.9937419338938998,4.002898529222886,0.5941875000000039,0.3129033053050123,0.07246323057215065,12,1.0012774401099525,43677.132395629684,1.0006565673758094,32880.167636924816,1.0131621755872913,11221.944616612538,201.21279444444446,1.9934169971986484,4.004298558253072,0.6063972222222276,0.32915014006758003,0.10746395632679206,1.0045551802398065,42039.36230043643,1.0018576551796328,32007.09953255173,1.0286506331234855,10938.425316887844,3
12,Equal_Linear,200,4,4,200.6725888888889,3.976926992180969,4.008722780332166,0.336294444444448,0.5768251954757719,0.21806950830414173,12,1.0052848889633683,44657.75226231335,1.0203601841107997,12534.9712796893,1.0657167903340643,6810.148079145493,200.76444166666667,3.9728570364042493,4.013454012249878,0.382220833333335,0.6785740898937687,0.3363503062469464,1.0071323614681438,40842.80572033109,1.044572069754801,11686.63365031097,1.1231362568227357,5807.946379916523,3
13,Equal_Linear,400,1,1,400.1746,0.9999657159508014,1.0164506508088569,0.04364999999999952,0.0034284049198585187,1.6450650808856881,12,1.0008528990310332,10184.889470040509,1.0001881793638925,19510.30122357681,1.0063749577659136,346.2837332140002,400.2153611111111,1.0000633740747389,1.0208380024838968,0.05384027777778044,0.006337407473888668,2.083800248389678,1.0014261838894103,9598.320774383597,1.0005446193814531,19087.581111258238,1.007037525632836,286.04599724774187,3
14,Equal_Linear,400,1,2,400.851025,1.0000254163747526,2.007358385869951,0.2127562499999982,0.0025416374752618154,0.3679192934975539,12,1.0030199866239156,41868.83124765754,1.0001922091154836,51782.79921465939,1.0114748415085417,6867.0279327761455,400.89138888888886,1.0000263269979657,2.008969053617459,0.22284722222221373,0.0026326997965675503,0.4484526808729461,1.0031606144641725,37325.914909809755,1.0004228123657037,51112.688851345156,1.028127066842367,5276.884773945446,3
15,Equal_Linear,400,1,4,401.01274166666667,1.0000236018475903,4.008744052074893,0.2531854166666676,0.0023601847590315472,0.21860130187232318,12,1.0042141210848103,47843.079199329,1.000274164195851,59291.57291357189,1.0196370555433893,10013.75316032502,401.10159444444446,0.99995180336466,4.008772813670012,0.27539861111111463,0.004819663533994767,0.21932034175029536,1.0106904283392653,41373.230605486926,1.0003832672646573,57483.7243189021,1.038711752062032,9512.083703362523,3
16,Equal_Linear,400,2,2,400.4592,1.995603295773284,2.0086219129136995,0.11480000000000247,0.21983521133579487,0.4310956456849757,12,1.0006863731481812,50006.06008622283,1.0038220190699665,28100.22123458241,1.018710137830949,5956.213723114296,400.5205888888889,1.9950547022177691,2.0104170185839285,0.1301472222222202,0.24726488911154254,0.5208509291964258,1.0014467278365664,49713.42959126651,1.0085470398967675,24904.4429019138,1.062359352050056,5898.022299121329,3
17,Equal_Linear,400,2,4,400.78334722222223,1.9969999290321567,4.005764876911651,0.19583680555555816,0.15000354839216357,0.14412192279127378,12,1.0008586129493986,58409.21774756223,1.0005662361828882,36742.12982006904,1.006861556101745,12618.057193858542,400.81848333333335,1.9968924024364036,4.006341528672068,0.2046208333333368,0.1553798781798177,0.15853821680169577,1.0026467540811328,54818.60400212442,1.0022517419296202,36150.126554253075,1.019544824689901,12406.573376462207,3
18,Equal_Linear,400,4,4,400.2885138888889,3.9926298132167517,4.0021371185214125,0.07212847222221797,0.1842546695812075,0.05342796303531294,12,1.00027747332081,67024.07049086271,1.0008877258247446,17593.409677366548,1.0014070767601442,8408.916865826297,400.30160277777776,3.992465299123211,4.002741910561603,0.07540069444443986,0.18836752191973005,0.06854776404008334,1.0003748899131333,65275.088515930285,1.001476355099008,17124.553760622173,1.0071465113409293,8400.711575771616,3
19,Equal_Linear,800,1,1,800.0898527777778,1.000019078368784,1.0092416679070915,0.011231597222220557,0.0019078368783898014,0.9241667907091466,12,1.0011650263185174,10331.040312997338,1.0002840742255763,19935.928874321504,1.0190240229502374,293.00011305743504,800.1650916666667,1.000020372679812,1.00996522121101,0.02063645833334249,0.0020372679812030725,0.9965221211009956,1.0012581219994132,10129.130677784222,1.0004811617498413,19597.819515024028,1.0579450218885624,269.83787626991716,3
20,Equal_Linear,800,1,2,800.6764972222222,0.9999648028635195,2.0026557365969295,0.08456215277777801,0.0035197136480480395,0.13278682984647627,12,1.0028959100711814,46790.142174895875,1.0002440745614134,53969.24434945568,1.0102696740422454,9357.357673646362,800.7632805555555,1.0000572901002573,2.003863498650017,0.09541006944444064,0.00572901002573456,0.19317493250083917,1.011896123565012,44820.58297600268,1.0003619058762638,52942.348094055895,1.0612138658418366,7308.920978460452,3
21,Equal_Linear,800,1,4,800.8539055555556,1.0000118550569939,4.0043471694419654,0.10673819444444632,0.0011855056993859137,0.10867923604913621,12,1.001146707431162,53018.1388277021,1.000107225321358,60398.93143870347,1.006824392107627,10851.535509650166,801.0526166666667,1.0000368875884154,4.0053519106659605,0.13157708333334028,0.003688758841535744,0.1337977666490131,1.0046167461208952,45051.121867969414,1.0001454696557115,57414.861710843674,1.0086596578364035,8734.912613782273,3
22,Equal_Linear,800,2,2,800.2991944444444,1.9982690661482043,2.002820715950876,0.03739930555555304,0.08654669258978398,0.14103579754380924,12,1.0004430587359772,58578.2680390886,1.0014313818069505,35767.86176375672,1.0061629782186574,9258.45231178827,800.3187111111112,1.998237159835754,2.003123936206366,0.03983888888889453,0.08814200821229967,0.1561968103183098,1.0006159150806166,57397.035058408175,1.0023020474196818,34750.338692323414,1.0134292126066535,7969.363044067715,3
23,Equal_Linear,800,2,4,800.4742166666666,1.99875592401705,4.002476138553787,0.059277083333327596,0.06220379914749774,0.06190346384467027,12,1.0006237667686977,82289.66203550319,1.000433517936687,45190.072342825995,1.0023312606784534,14687.74815678018,800.48373611111106,1.9987076878743204,4.002891735956778,0.060467013888882086,0.06461560628397978,0.07229339891945408,1.0008719303844529,75283.08928680609,1.0007305587996254,43438.45905907336,1.004720563640004,14479.661056387024,3
24,Equal_Linear,800,4,4,800.0980333333333,3.997154182178061,4.001322469056789,0.0122541666666649,0.07114544554847058,0.03306172641972527,12,1.0002362435989371,79748.66043863326,1.001003696629221,21808.008578226443,1.0027782982218274,9305.320693337886,800.117725,3.9967082056973315,4.0018122786748735,0.014715624999993793,0.08229485756671151,0.04530696687183866,1.0004022588071781,75668.0729146398,1.002259123622241,19927.177361551585,1.0028868043895725,8695.581631256764,3
25,Equal_Linear,1600,1,1,1599.9521027777778,1.0000036089760325,1.0050048245702228,0.0029935763888886413,3.6089760324653497e-4,0.5004824570222777,12,1.0010306938098723,10019.06222122959,1.0006583376842444,19757.206344254453,1.1305218819475522,290.8971871949623,1600.0957694444444,0.9999811546685913,1.0064394475910516,0.005985590277774122,0.0018845331408723354,0.6439447591051639,1.0017381817805873,8738.70412723382,1.0014277982682604,19734.38498067122,1.1717680689194692,181.23561453067325,3
26,Equal_Linear,1600,1,2,1600.5471305555557,1.0000143245304065,2.0009946878218257,0.034195659722229266,0.0014324530406506497,0.04973439109128286,12,1.0028375071388202,54280.533771814975,1.000260812917646,55239.96796679202,1.0182059570287736,11859.783749970426,1602.0533805555556,1.0000187859902474,2.0015010741054162,0.12833628472222358,0.0018785990247405238,0.07505370527081112,1.2976596950284127,36042.14528927215,1.0004587784810592,54961.70297018353,1.0203025647419874,8131.262197404045,3
27,Equal_Linear,1600,1,4,1600.9333444444446,1.000006132150233,4.001921749881587,0.058334027777789295,6.132150232929234e-4,0.04804374703968328,12,1.017677022703435,43228.609418449276,1.000116136617293,57795.35264380497,1.0145172410202226,10268.330260535055,1607.466588888889,0.9999885097635073,4.001998397471093,0.46666180555556025,0.0011490236492717187,0.0499599367773218,1.322621661837914,28573.003092368515,1.0002872736158042,56047.37085111196,1.014915226237432,9571.931495268185,3
28,Equal_Linear,1600,2,2,1600.29225,1.9990658403341566,2.00177154398029,0.018265624999997954,0.046707983292171296,0.08857719901449457,12,1.001453808380465,56948.14246981633,1.0067534648530279,31352.36985462521,1.03601538906972,9382.628919010991,1600.307163888889,1.9989683170402053,2.002496444917866,0.01919774305555677,0.051584147989736095,0.12482224589329682,1.0076098856948628,52728.03216607099,1.0431644115649104,30639.23729179888,1.3625312931327545,8078.199192764533,3
29,Equal_Linear,1600,2,4,1600.2954527777777,1.9994446501456444,4.0006183798255845,0.018465798611103423,0.027767492717778453,0.015459495639613685,12,1.0008749898612728,84539.18206704676,1.0006642336618317,43572.350977209375,1.002407845933546,16647.74322622201,1600.305247222222,1.999405350779894,4.0007732722100675,0.01907795138887991,0.029732461005305133,0.01933180525168776,1.0008987511404157,84473.05655243261,1.0015412706134958,42256.17084773021,1.0024346128958976,16144.272993629365,3
30,Equal_Linear,1600,4,4,1599.9666222222222,3.9988602050390645,3.999897561063106,0.002086111111111677,0.028494874023388128,0.0025609734223497327,12,1.00009922380673,86618.35037190454,1.0002638805786481,25688.483505077602,1.0016705432224002,10459.10362854623,1599.96375,3.998842955861535,4.000147585331886,0.002265625000006821,0.028926103461623942,0.0036896332971547707,1.0001536202913817,83718.25190914201,1.000751761624764,25560.782727561775,1.0017833512611436,9849.747932480235,3
